use dc;
insert into hearing(hearing_id,hearing_date,hearing_time,hearing_report_pdf_url ,faculty_co_ordinator,hostel_co_ordinator,witness,statement)
values(001,"2022-05-09","18:00:00","www.xyz.com","Prof Ashok Panighari","director","warden","xyz");
insert into hearing(hearing_id,hearing_date,hearing_time,hearing_report_pdf_url ,faculty_co_ordinator,hostel_co_ordinator,witness,statement)
values(002,"2022-02-08","18:00:00","www.abc.com","Prof Shubham joshi","director","warden","xyz");
insert into hearing(hearing_id,hearing_date,hearing_time,hearing_report_pdf_url ,faculty_co_ordinator,hostel_co_ordinator,witness,statement)
values(003,"2022-03-06","18:00:00","www.lmn.com","Prof suyog pande","director","security gaurd","xyz");
insert into hearing(hearing_id,hearing_date,hearing_time,hearing_report_pdf_url ,faculty_co_ordinator,hostel_co_ordinator,witness,statement)
values(004,"2022-04-07","18:00:00","www.uvw.com","prof varun deshmukh","director","warden","xyz");
insert into hearing(hearing_id,hearing_date,hearing_time,hearing_report_pdf_url ,faculty_co_ordinator,hostel_co_ordinator,witness,statement)
values(005,"2022-03-05","18:00:00","www.yuv.com","prof Bhushan Inje","director","warden","xyz");
insert into hearing(hearing_id,hearing_date,hearing_time,hearing_report_pdf_url ,faculty_co_ordinator,hostel_co_ordinator,witness,statement)
values(006,"2022-03-09","18:00:00","www.rtx.com","prof Deepti Bharate","director","security gaurd","xyz");
insert into hearing(hearing_id,hearing_date,hearing_time,hearing_report_pdf_url ,faculty_co_ordinator,hostel_co_ordinator,witness,statement)
values(007,"2022-05-06","18:00:00","www.vyw.com","Prof sugam shivare","director","security gaurd","xyz");
insert into hearing(hearing_id,hearing_date,hearing_time,hearing_report_pdf_url ,faculty_co_ordinator,hostel_co_ordinator,witness,statement)
values(008,"2022-08-09","18:00:00","www.ruv.com","prof prakash bhagat","director","warden","xyz");
insert into hearing(hearing_id,hearing_date,hearing_time,hearing_report_pdf_url ,faculty_co_ordinator,hostel_co_ordinator,witness,statement)
values(009,"2022-05-06","18:00:00","www.iuf.com","prof bipin jadhav","director","warden","xyz");
insert into hearing(hearing_id,hearing_date,hearing_time,hearing_report_pdf_url ,faculty_co_ordinator,hostel_co_ordinator,witness,statement)
values(010,"2022-05-08","18:00:00","www.oig.com","prof prakash bhagat","director","warden","xyz");
insert into hearing(hearing_id,hearing_date,hearing_time,hearing_report_pdf_url ,faculty_co_ordinator,hostel_co_ordinator,witness,statement)
values(011,"2022-08-09","18:00:00","www.rih.com","prof Deepti Bharate","director","warden","xyz");
insert into hearing(hearing_id,hearing_date,hearing_time,hearing_report_pdf_url ,faculty_co_ordinator,hostel_co_ordinator,witness,statement)
values(012,"2022-09-08","18:00:00","www.aib.com","prof sachin bhandari","director","warden","xyz");
insert into hearing(hearing_id,hearing_date,hearing_time,hearing_report_pdf_url ,faculty_co_ordinator,hostel_co_ordinator,witness,statement)
values(013,"2022-09-09","18:00:00","www.pom.com","prof sachin bhandari","director","warden","xyz");
insert into hearing(hearing_id,hearing_date,hearing_time,hearing_report_pdf_url ,faculty_co_ordinator,hostel_co_ordinator,witness,statement)
values(014,"2022-09-05","18:00:00","www.acy.com","prof Ashok Panighari","director","warden","xyz");
insert into hearing(hearing_id,hearing_date,hearing_time,hearing_report_pdf_url ,faculty_co_ordinator,hostel_co_ordinator,witness,statement)
values(015,"2022-09-12","18:00:00","www.afy.com","prof Varun Deshmukh","director","warden","xyz");

insert into student(student_fullname,email_id,SAP_ID,academic_year,branch,student_phonenumber,father_phonenumber,father_email_id,mother_phonenumber,mother_email_id,mentor_name)
values("Divanshu Manoj Uppal","uppaldivanshu@gmail.com","70532100008",2,"Computer Science","9619751758","9685635260","mu@gm.com","9685615020","jy@gm.com","Prof.Govind Rajput");
insert into student(student_fullname,email_id,SAP_ID,academic_year,branch,student_phonenumber,father_phonenumber,father_email_id,mother_phonenumber,mother_email_id,mentor_name)
values("vansh Ajit Julka","Vanshjulka@gmail.com","70532100015",3,"Artificial Intelligence","9852405130","9536240850","aj@gm.com","9564862047","so@gm.com","Prof.Sachin Chavan");
insert into student(student_fullname,email_id,SAP_ID,academic_year,branch,student_phonenumber,father_phonenumber,father_email_id,mother_phonenumber,mother_email_id,mentor_name)
values("Ninad Nandkumar chobe","ninadchobe@gmail.com","70532100058",4,"Computer Engineering","9654802157","8653204175","nd@gm.com","9864750853","sa@gm.com","Prof.Ashish Mogra");
insert into student(student_fullname,email_id,SAP_ID,academic_year,branch,student_phonenumber,father_phonenumber,father_email_id,mother_phonenumber,mother_email_id,mentor_name)
values("Dhruv Hemang Mehta","dhruvmehta@gmail.com","70532100046",1,"Information technology","9857345021","8590642087","hm@gm.com","8575958535","sh@gma.com","Prof.Bipin Jadhav");
insert into student(student_fullname,email_id,SAP_ID,academic_year,branch,student_phonenumber,father_phonenumber,father_email_id,mother_phonenumber,mother_email_id,mentor_name)
values("Ivan Yesudas Joseph","ivanjoseph@gmail.com","70532100085",3,"Artificial Intelligence","9864875320","8626364676","jh@gm.com","9575051535","ya@gm.com","Prof.Bhushan Inje");
insert into student(student_fullname,email_id,SAP_ID,academic_year,branch,student_phonenumber,father_phonenumber,father_email_id,mother_phonenumber,mother_email_id,mentor_name)
values("Rishiraj Nagendranath Mishra","mishra@gmail.com","70532100033",2,"Information Technology","9686261614","8626751535","nm@gm.com","9562387515","ar@gm.com","Prof.Suyog Pandey");
insert into student(student_fullname,email_id,SAP_ID,academic_year,branch,student_phonenumber,father_phonenumber,father_email_id,mother_phonenumber,mother_email_id,mentor_name) 
values("Vanshaj Pramendra Chandore","vanshajchandore@gmail.com","70552100086",1,"Computer Science","9863507502","8963548026","pc@gm.com","9862507520","sc@gm.com","Prof.Sachin Bhandari");
insert into student(student_fullname,email_id,SAP_ID,academic_year,branch,student_phonenumber,father_phonenumber,father_email_id,mother_phonenumber,mother_email_id,mentor_name) 
values("Aaryan Anand Dhorey","ananddhorey@gmail.com","705321000552",3,"Mechanical Engineering","9053648054","9865782045","ad@gm.com","9862547820","sd@gm.com","Prof.Sachin Chavan");
insert into student(student_fullname,email_id,SAP_ID,academic_year,branch,student_phonenumber,father_phonenumber,father_email_id,mother_phonenumber,mother_email_id,mentor_name) 
values("Irbaaz Ahmed Patel","irbaazpatel@gmail.com","70532100013",4,"Electrical Engineering","9053687654","9865626545","ah@gm.com","9862147820","sp@gm.com","Prof.Govind Rajput");
insert into student(student_fullname,email_id,SAP_ID,academic_year,branch,student_phonenumber,father_phonenumber,father_email_id,mother_phonenumber,mother_email_id,mentor_name) 
values("Chirag Devgade","devgade23@gmail.com","70523400013",2,"Artificial Intelligence","9012347654","6543626545","adj@gm.com","1234547820","sl@gm.com","Prof.Bhushan Inje");
insert into student(student_fullname,email_id,SAP_ID,academic_year,branch,student_phonenumber,father_phonenumber,father_email_id,mother_phonenumber,mother_email_id,mentor_name) 
values("Pratyush Shivdasan","ps34@gmail.com","70123500013",4,"EXTC","9053684322","6543226545","rs@gm.com","9862147456","hu@gm.com","Prof.Prakash Bhagat");
insert into student(student_fullname,email_id,SAP_ID,academic_year,branch,student_phonenumber,father_phonenumber,father_email_id,mother_phonenumber,mother_email_id,mentor_name) 
values("Priyam Kuvadiya","pkuyvga@gmail.com","70532100098",3,"MXTC","8763687654","9812326545","gk@gm.com","9231147820","bk@gm.com","Prof.Suyog Pandey");
insert into student(student_fullname,email_id,SAP_ID,academic_year,branch,student_phonenumber,father_phonenumber,father_email_id,mother_phonenumber,mother_email_id,mentor_name) 
values("Vedant Sawant","vsawant@gmail.com","70532432101",2,"Artificial Intelligence","9012687654","9864526545","a6@gm.com","9862146520","vc@gm.com","Prof.Bipin Jadhav");
insert into student(student_fullname,email_id,SAP_ID,academic_year,branch,student_phonenumber,father_phonenumber,father_email_id,mother_phonenumber,mother_email_id,mentor_name) 
values("Pratham Bagora","bagora84@gmail.com","70532104501",1,"Computer Science","9053687654","9865626545","ax@gm.com","9862147820","ib@gm.com","Prof. Govind Rajput");
insert into student(student_fullname,email_id,SAP_ID,academic_year,branch,student_phonenumber,father_phonenumber,father_email_id,mother_phonenumber,mother_email_id,mentor_name) 
values("Kishan Singh","kisingh@gmail.com","70532102314",4,"EXTC","9053687654","9868798545","RA@gm.com","9863447820","kj@gm.com","Prof.Ashish Mogra");

insert into dc_member(member_id,member_name,member_designation,member_phonenumber,member_email_id)
values(01,"Ashok Panigrahi","Professor","9786789098","ashokpanigrahi23@gmail.com");
insert into dc_member(member_id,member_name,member_designation,member_phonenumber,member_email_id)
values(02,"Rakesh Chaudhari","Professor","9712389098","rchaudhari@gmail.com");
insert into dc_member(member_id,member_name,member_designation,member_phonenumber,member_email_id)
values(03,"Vaishnavi Chaubey","Student","9712389023","vchaubey@gmail.com");
insert into dc_member(member_id,member_name,member_designation,member_phonenumber,member_email_id)
values(04,"Rishi Shrivas","Student","9712389012","rshrivas@gmail.com");
insert into dc_member(member_id,member_name,member_designation,member_phonenumber,member_email_id)
values(05,"Sharad Joshi","Warden","9712389090","joshi123@gmail.com");
insert into dc_member(member_id,member_name,member_designation,member_phonenumber,member_email_id)
values(06,"Shubham Joshi","Professor","9712389123","shubham1@gmail.com");
insert into dc_member(member_id,member_name,member_designation,member_phonenumber,member_email_id)
values(07,"Prashant Yadav","Director","9712334298","yadav54@gmail.com");
insert into dc_member(member_id,member_name,member_designation,member_phonenumber,member_email_id)
values(08,"Prasad Deshmukh","Rector","1234589098","deshmukhpr@gmail.com");

insert into violation(violation_code,violation_cateory)
values("1001","ALCOHOL");
insert into violation(violation_code,violation_cateory)
values("2001","SMOKING");
insert into violation(violation_code,violation_cateory)
values("3001","VIOLENCE");
insert into violation(violation_code,violation_cateory)
values("4001","RAGGING");
insert into violation(violation_code,violation_cateory)
values("5001","PDA");
insert into violation(violation_code,violation_cateory)
values("6001","PROHIBITED ACTIONS");

insert into punishment(punishment_code ,punishment_duration,punishment_category,punishment_co_ordinator)
VALUES("EX01","1 month","expulsion","Prof Ashok Panighari");
insert into punishment(punishment_code ,punishment_duration,punishment_category,punishment_co_ordinator)
VALUES("YO01","1 month","yoga","Prof Shubham joshi");
insert into punishment(punishment_code ,punishment_duration,punishment_category,punishment_co_ordinator)
VALUES("AS01","1 month","academic suspension","Prof suyog pande");
insert into punishment(punishment_code ,punishment_duration,punishment_category,punishment_co_ordinator)
VALUES("OR01","1 month","restricted outings","prof varun deshmukh");

insert into commits(SAP_ID,violation_code)
values("70532100008","3001");
insert into commits(SAP_ID,violation_code)
values("70532100015","4001");
insert into commits(SAP_ID,violation_code)
values("70532100058","2001");
insert into commits(SAP_ID,violation_code)
values("70532100046","1001");
insert into commits(SAP_ID,violation_code)
values("70532100085","5001");
insert into commits(SAP_ID,violation_code)
values("70532100033","4001");
insert into commits(SAP_ID,violation_code)
values("70552100086","2001");
insert into commits(SAP_ID,violation_code)
values("70532100055","3001");
insert into commits(SAP_ID,violation_code)
values("70532100013","2001");
insert into commits(SAP_ID,violation_code)
values("70523400013","5001");
insert into commits(SAP_ID,violation_code)
values("70123500013","1001");
insert into commits(SAP_ID,violation_code)
values("70532100098","6001");
insert into commits(SAP_ID,violation_code)
values("70532432101","3001");
insert into commits(SAP_ID,violation_code)
values("70532104501","3001");
insert into commits(SAP_ID,violation_code)
values("70532102314","1001");

insert into participates(member_id,hearing_id,SAP_ID)
values(1,1,'70123500013');
insert into participates(member_id,hearing_id,SAP_ID)
values(2,2,'70523400013');
insert into participates(member_id,hearing_id,SAP_ID)
values(3,3,'70532100008');
insert into participates(member_id,hearing_id,SAP_ID)
values(4,4,'70532100013');
insert into participates(member_id,hearing_id,SAP_ID)
values(5,5,'70532100015');
insert into participates(member_id,hearing_id,SAP_ID)
values(6,6,'70532100033');
insert into participates(member_id,hearing_id,SAP_ID)
values(7,7,'70532100046');
insert into participates(member_id,hearing_id,SAP_ID)
values(8,8,'70532100055');
insert into participates(member_id,hearing_id,SAP_ID)
values(2,9,'70532100058');
insert into participates(member_id,hearing_id,SAP_ID)
values(4,10,'70532100085');
insert into participates(member_id,hearing_id,SAP_ID)
values(5,11,'70532100098');
insert into participates(member_id,hearing_id,SAP_ID)
values(4,12,'70532100014');
insert into participates(member_id,hearing_id,SAP_ID)
values(3,13,'70532104501');
insert into participates(member_id,hearing_id,SAP_ID)
values(8,14,'70532102101');
insert into participates(member_id,hearing_id,SAP_ID)
values(5,15,'70552100086');

insert into serves(SAP_ID,punishment_code)
values('70123500013','AS01');
insert into serves(SAP_ID,punishment_code)
values('70523400013','OR01');
insert into serves(SAP_ID,punishment_code)
values('70532100008','EX01');
insert into serves(SAP_ID,punishment_code)
values('70532100013','YO01');
insert into serves(SAP_ID,punishment_code)
values('70532100015','EX01');
insert into serves(SAP_ID,punishment_code)
values('70532100033','OR01');
insert into serves(SAP_ID,punishment_code)
values('70532100046','AS01');
insert into serves(SAP_ID,punishment_code)
values('70532100055','OR01');
insert into serves(SAP_ID,punishment_code)
values('70532100058','EX01');
insert into serves(SAP_ID,punishment_code)
values('70532100085','AS01');
insert into serves(SAP_ID,punishment_code)
values('70532100098','0R01');
insert into serves(SAP_ID,punishment_code)
values('70532100014','EX01');
insert into serves(SAP_ID,punishment_code)
values('70532104501','OR01');
insert into serves(SAP_ID,punishment_code)
values('70532102101','EX01');
insert into serves(SAP_ID,punishment_code)
values('70552100086','AS01');

insert into decision(hearing_id,punishment_code)
values(1,'AS01');
insert into decision(hearing_id,punishment_code)
values(2,'OR01');
insert into decision(hearing_id,punishment_code)
values(3,'EX01');
insert into decision(hearing_id,punishment_code)
values(4,'YO01');
insert into decision(hearing_id,punishment_code)
values(5,'EX01');
insert into decision(hearing_id,punishment_code)
values(6,'OR01');
insert into decision(hearing_id,punishment_code)
values(7,'AS01');
insert into decision(hearing_id,punishment_code)
values(8,'OR01');
insert into decision(hearing_id,punishment_code)
values(9,'EX01');
insert into decision(hearing_id,punishment_code)
values(10,'AS01');
insert into decision(hearing_id,punishment_code)
values(11,'0R01');
insert into decision(hearing_id,punishment_code)
values(12,'EX01');
insert into decision(hearing_id,punishment_code)
values(13,'OR01');
insert into decision(hearing_id,punishment_code)
values(14,'EX01');
insert into decision(hearing_id,punishment_code)
values(15,'AS01');
